Workbook

Sheet Read me
B2: Minnow model capability matrix
B4: What this is | C4: One row per model, one column per thing a model has to do inside Minnow. Three sheets: Cloud (hosted APIs), LM Studio (local server), Minnow Hosting (models Minnow serves itself via llama.cpp / MLX). The columns are identical on all three so a model can be compared across hosts.
B6: How to fill it in
C7: 1. Pick a row. Set Date tested and work left to right through the capability columns.
C8: 2. Every capability cell is a dropdown. Leave it blank until you have actually tried it.
C9: 3. ✅ works | ⚠️ works but with a caveat (write it in Notes) | ❌ broken | ➖ not applicable on this host.
C10: 4. Anything that stops you using the model for real work goes in 'Blocking issues'. Everything else in 'Notes'.
C11: 5. Set the Verdict when you are done with a row. Score and Tested (n) calculate themselves.
C12: 6. Hover any capability header for its tier and a concrete prompt to test it with.
B14: Test tiers
B15: Tier 1 - triage (18 cols) | C15: If a model fails any of these it is not usable in Minnow. Test these first; if two or three fail, mark the model Unusable and move on.
B16: Tier 2 - real work | C16: What separates a chat toy from something you can run Build, Orchestrate or Super Plan with.
B17: Tier 3 - breadth | C17: Apps, browser, voice, email, docs. Nice to have; test last.
B19: Legend
B20: ✅ | C20: Works - did the job unprompted and correctly
B21: ⚠️ | C21: Partial - works but needed nudging, retried, or got it right only sometimes
B22: ❌ | C22: Broken - wrong output, malformed call, ignored the tool, or hung
B23: ➖ | C23: Not applicable - the feature is not reachable on this host / model
B24: (blank) | C24: Not tested yet
B26: Score | C26: (passes + half the partials) / everything scored as pass, partial or fail. N/A and blanks are excluded, so a 100% on two tested columns means nothing - read it next to Tested (n).
B28: Where the prefill came from | C28: Local model rows are drawn from Minnow's own HF catalog (src/models/catalog.json, 912 repos) filtered to popular instruct/coder models, with the quant most worth testing. Cloud model ids should be confirmed against the live provider list in Settings before you test - providers rename and retire them constantly.
B30: Column source | C30: Capability columns were generated from Minnow's real tool catalog (src/tools/definitions.ts, 114 tools across web/utility/files/git/code/agents/browser/lsp), the mode registry (src/chat/prompts/modes), and the capability probe (src/providers/model-capabilities.ts). If a tool is added to Minnow, add a column here.
B32: Add a model | C32: Insert a row anywhere below row 5 on the relevant sheet. Copy an existing row first so the Score and Tested formulas and the dropdowns come with it.

Sheet Cloud
A1: Minnow model capability matrix - Cloud | D1: Cloud models - hosted APIs (OpenRouter, OpenAI, Anthropic, Groq, Mistral, DeepSeek, Copilot)
A2: MODEL | K2: CORE PROTOCOL | U2: FILES | AA2: DOCS | AB2: GIT | AD2: CODE & SHELL | AI2: LSP | AJ2: WEB | AM2: BROWSER | AP2: AGENTS & TASKS | AW2: KNOWLEDGE | BB2: APPS | BG2: MODE CONTROL | BJ2: MODES | BS2: FEATURES | BZ2: FINDINGS
A3: Model | B3: Producer | C3: Provider / Host | D3: Quantization | E3: Params | F3: Context | G3: Date tested | H3: Verdict | I3: Score | J3: Tested (n) | K3: Streaming | L3: Tool calling (basic) | M3: Parallel tool calls | N3: Multi-step tool loop | O3: Valid JSON args | P3: No hallucinated tools | Q3: System prompt adherence | R3: Long context >32k | S3: Vision / image input | T3: Reasoning / thinking | U3: list_directory / read_file | V3: read_document | W3: save_file / append_file | X3: replace_text_in_file | Y3: insert_at_line / read_file_range | Z3: grep / find_files | AA3: create_pdf / spreadsheet / word | AB3: git_status / diff / log (read) | AC3: git_add / commit / branch (write) | AD3: execute_command | AE3: Background cmds / dev servers | AF3: run_javascript / run_python | AG3: read_command_log / stop_command | AH3: Code intel (repo_map, find_symbol) | AI3: get_lsp_diagnostics / list_lsp_servers | AJ3: web_search | AK3: fetch_web_content / rag_web_content | AL3: wikipedia_search | AM3: navigate / tabs | AN3: snapshot / click / fill | AO3: eval / screenshot | AP3: todo_write | AQ3: spawn_sub_agent | AR3: list / get / cancel sub-agents | AS3: delegate_tasks | AT3: board_init / board_update_task | AU3: board_report / board_get_state | AV3: issue_* tools | AW3: brain_search / read_page / list | AX3: brain_write_page / append_log / ingest | AY3: minnow_docs_* | AZ3: save_memory | BA3: recall_chat_context / recall_turn_full | BB3: Email: list / search / get_thread | BC3: Email: draft_reply / email_action | BD3: summarize_inbox / reply_variants | BE3: manage_calendar | BF3: Settings & appearance tools | BG3: set_chat_mode / propose_mode_switch | BH3: create_chat_with_mode / launch app | BI3: Impeccable / aesthetics | BJ3: General | BK3: Build | BL3: Plan | BM3: Super Plan | BN3: Orchestrate | BO3: Debug | BP3: Desktop | BQ3: Email | BR3: Onboarding | BS3: Research | BT3: Compare | BU3: Chat title generation | BV3: Skills / plugins | BW3: MCP servers | BX3: Voice | BY3: Markdown & code fences | BZ3: Blocking issues | CA3: Notes
A4: EXAMPLE - Claude Sonnet 5 | B4: Anthropic | C4: Anthropic | D4: - | E4: - | F4: 200k | G4: 2026-08-10 | H4: Works | I4: =IFERROR((COUNTIF(K4:BY4,"✅")+0.5*COUNTIF(K4:BY4,"⚠️"))/(COUNTIF(K4:BY4,"✅")+COUNTIF(K4:BY4,"⚠️")+COUNTIF(K4:BY4,"❌")),"") | J4: =COUNTIF(K4:BY4,"✅")+COUNTIF(K4:BY4,"⚠️")+COUNTIF(K4:BY4,"❌")+COUNTIF(K4:BY4,"➖") | K4: ✅ | L4: ✅ | M4: ✅ | N4: ✅ | O4: ✅ | P4: ⚠️ | Q4: ✅ | R4: ➖ | CA4: Everything green except voice (not wired on this box).
A5: Claude Opus 5 | B5: Anthropic | C5: Anthropic | D5: - | E5: - | F5: 200k | H5: Untested | I5: =IFERROR((COUNTIF(K5:BY5,"✅")+0.5*COUNTIF(K5:BY5,"⚠️"))/(COUNTIF(K5:BY5,"✅")+COUNTIF(K5:BY5,"⚠️")+COUNTIF(K5:BY5,"❌")),"") | J5: =COUNTIF(K5:BY5,"✅")+COUNTIF(K5:BY5,"⚠️")+COUNTIF(K5:BY5,"❌")+COUNTIF(K5:BY5,"➖")
A6: Claude Sonnet 5 | B6: Anthropic | C6: Anthropic | D6: - | E6: - | F6: 200k | H6: Untested | I6: =IFERROR((COUNTIF(K6:BY6,"✅")+0.5*COUNTIF(K6:BY6,"⚠️"))/(COUNTIF(K6:BY6,"✅")+COUNTIF(K6:BY6,"⚠️")+COUNTIF(K6:BY6,"❌")),"") | J6: =COUNTIF(K6:BY6,"✅")+COUNTIF(K6:BY6,"⚠️")+COUNTIF(K6:BY6,"❌")+COUNTIF(K6:BY6,"➖")
A7: Claude Fable 5 | B7: Anthropic | C7: Anthropic | D7: - | E7: - | F7: 200k | H7: Untested | I7: =IFERROR((COUNTIF(K7:BY7,"✅")+0.5*COUNTIF(K7:BY7,"⚠️"))/(COUNTIF(K7:BY7,"✅")+COUNTIF(K7:BY7,"⚠️")+COUNTIF(K7:BY7,"❌")),"") | J7: =COUNTIF(K7:BY7,"✅")+COUNTIF(K7:BY7,"⚠️")+COUNTIF(K7:BY7,"❌")+COUNTIF(K7:BY7,"➖")
A8: Claude Haiku 4.5 | B8: Anthropic | C8: Anthropic | D8: - | E8: - | F8: 200k | H8: Untested | I8: =IFERROR((COUNTIF(K8:BY8,"✅")+0.5*COUNTIF(K8:BY8,"⚠️"))/(COUNTIF(K8:BY8,"✅")+COUNTIF(K8:BY8,"⚠️")+COUNTIF(K8:BY8,"❌")),"") | J8: =COUNTIF(K8:BY8,"✅")+COUNTIF(K8:BY8,"⚠️")+COUNTIF(K8:BY8,"❌")+COUNTIF(K8:BY8,"➖")
A9: Claude Opus 4.8 | B9: Anthropic | C9: Anthropic | D9: - | E9: - | F9: 200k | H9: Untested | I9: =IFERROR((COUNTIF(K9:BY9,"✅")+0.5*COUNTIF(K9:BY9,"⚠️"))/(COUNTIF(K9:BY9,"✅")+COUNTIF(K9:BY9,"⚠️")+COUNTIF(K9:BY9,"❌")),"") | J9: =COUNTIF(K9:BY9,"✅")+COUNTIF(K9:BY9,"⚠️")+COUNTIF(K9:BY9,"❌")+COUNTIF(K9:BY9,"➖")
A10: Claude Sonnet 4.6 | B10: Anthropic | C10: Anthropic | D10: - | E10: - | F10: 200k | H10: Untested | I10: =IFERROR((COUNTIF(K10:BY10,"✅")+0.5*COUNTIF(K10:BY10,"⚠️"))/(COUNTIF(K10:BY10,"✅")+COUNTIF(K10:BY10,"⚠️")+COUNTIF(K10:BY10,"❌")),"") | J10: =COUNTIF(K10:BY10,"✅")+COUNTIF(K10:BY10,"⚠️")+COUNTIF(K10:BY10,"❌")+COUNTIF(K10:BY10,"➖")
A11: GPT-5.1 | B11: OpenAI | C11: OpenAI | D11: - | E11: - | F11: 400k | H11: Untested | I11: =IFERROR((COUNTIF(K11:BY11,"✅")+0.5*COUNTIF(K11:BY11,"⚠️"))/(COUNTIF(K11:BY11,"✅")+COUNTIF(K11:BY11,"⚠️")+COUNTIF(K11:BY11,"❌")),"") | J11: =COUNTIF(K11:BY11,"✅")+COUNTIF(K11:BY11,"⚠️")+COUNTIF(K11:BY11,"❌")+COUNTIF(K11:BY11,"➖")
A12: GPT-5.1 mini | B12: OpenAI | C12: OpenAI | D12: - | E12: - | F12: 400k | H12: Untested | I12: =IFERROR((COUNTIF(K12:BY12,"✅")+0.5*COUNTIF(K12:BY12,"⚠️"))/(COUNTIF(K12:BY12,"✅")+COUNTIF(K12:BY12,"⚠️")+COUNTIF(K12:BY12,"❌")),"") | J12: =COUNTIF(K12:BY12,"✅")+COUNTIF(K12:BY12,"⚠️")+COUNTIF(K12:BY12,"❌")+COUNTIF(K12:BY12,"➖")
A13: GPT-5 | B13: OpenAI | C13: OpenAI | D13: - | E13: - | F13: 400k | H13: Untested | I13: =IFERROR((COUNTIF(K13:BY13,"✅")+0.5*COUNTIF(K13:BY13,"⚠️"))/(COUNTIF(K13:BY13,"✅")+COUNTIF(K13:BY13,"⚠️")+COUNTIF(K13:BY13,"❌")),"") | J13: =COUNTIF(K13:BY13,"✅")+COUNTIF(K13:BY13,"⚠️")+COUNTIF(K13:BY13,"❌")+COUNTIF(K13:BY13,"➖")
A14: GPT-4.1 | B14: OpenAI | C14: OpenAI | D14: - | E14: - | F14: 1M | H14: Untested | I14: =IFERROR((COUNTIF(K14:BY14,"✅")+0.5*COUNTIF(K14:BY14,"⚠️"))/(COUNTIF(K14:BY14,"✅")+COUNTIF(K14:BY14,"⚠️")+COUNTIF(K14:BY14,"❌")),"") | J14: =COUNTIF(K14:BY14,"✅")+COUNTIF(K14:BY14,"⚠️")+COUNTIF(K14:BY14,"❌")+COUNTIF(K14:BY14,"➖")
A15: GPT-4.1 mini | B15: OpenAI | C15: OpenAI | D15: - | E15: - | F15: 1M | H15: Untested | I15: =IFERROR((COUNTIF(K15:BY15,"✅")+0.5*COUNTIF(K15:BY15,"⚠️"))/(COUNTIF(K15:BY15,"✅")+COUNTIF(K15:BY15,"⚠️")+COUNTIF(K15:BY15,"❌")),"") | J15: =COUNTIF(K15:BY15,"✅")+COUNTIF(K15:BY15,"⚠️")+COUNTIF(K15:BY15,"❌")+COUNTIF(K15:BY15,"➖")
A16: gpt-oss-120b | B16: OpenAI | C16: Groq | D16: MXFP4 | E16: 117B | F16: 131k | H16: Untested | I16: =IFERROR((COUNTIF(K16:BY16,"✅")+0.5*COUNTIF(K16:BY16,"⚠️"))/(COUNTIF(K16:BY16,"✅")+COUNTIF(K16:BY16,"⚠️")+COUNTIF(K16:BY16,"❌")),"") | J16: =COUNTIF(K16:BY16,"✅")+COUNTIF(K16:BY16,"⚠️")+COUNTIF(K16:BY16,"❌")+COUNTIF(K16:BY16,"➖")
... A45: GPT-5 (via Copilot) | B45: OpenAI | C45: GitHub Copilot | D45: - | E45: - | F45: - | H45: Untested | I45: =IFERROR((COUNTIF(K45:BY45,"✅")+0.5*COUNTIF(K45:BY45,"⚠️"))/(COUNTIF(K45:BY45,"✅")+COUNTIF(K45:BY45,"⚠️")+COUNTIF(K45:BY45,"❌")),"") | J45: =COUNTIF(K45:BY45,"✅")+COUNTIF(K45:BY45,"⚠️")+COUNTIF(K45:BY45,"❌")+COUNTIF(K45:BY45,"➖")

Sheet LM Studio
A1: Minnow model capability matrix - LM Studio | D1: LM Studio - models served by the LM Studio local server
A2: MODEL | K2: CORE PROTOCOL | U2: FILES | AA2: DOCS | AB2: GIT | AD2: CODE & SHELL | AI2: LSP | AJ2: WEB | AM2: BROWSER | AP2: AGENTS & TASKS | AW2: KNOWLEDGE | BB2: APPS | BG2: MODE CONTROL | BJ2: MODES | BS2: FEATURES | BZ2: FINDINGS
A3: Model | B3: Producer | C3: Provider / Host | D3: Quantization | E3: Params | F3: Context | G3: Date tested | H3: Verdict | I3: Score | J3: Tested (n) | K3: Streaming | L3: Tool calling (basic) | M3: Parallel tool calls | N3: Multi-step tool loop | O3: Valid JSON args | P3: No hallucinated tools | Q3: System prompt adherence | R3: Long context >32k | S3: Vision / image input | T3: Reasoning / thinking | U3: list_directory / read_file | V3: read_document | W3: save_file / append_file | X3: replace_text_in_file | Y3: insert_at_line / read_file_range | Z3: grep / find_files | AA3: create_pdf / spreadsheet / word | AB3: git_status / diff / log (read) | AC3: git_add / commit / branch (write) | AD3: execute_command | AE3: Background cmds / dev servers | AF3: run_javascript / run_python | AG3: read_command_log / stop_command | AH3: Code intel (repo_map, find_symbol) | AI3: get_lsp_diagnostics / list_lsp_servers | AJ3: web_search | AK3: fetch_web_content / rag_web_content | AL3: wikipedia_search | AM3: navigate / tabs | AN3: snapshot / click / fill | AO3: eval / screenshot | AP3: todo_write | AQ3: spawn_sub_agent | AR3: list / get / cancel sub-agents | AS3: delegate_tasks | AT3: board_init / board_update_task | AU3: board_report / board_get_state | AV3: issue_* tools | AW3: brain_search / read_page / list | AX3: brain_write_page / append_log / ingest | AY3: minnow_docs_* | AZ3: save_memory | BA3: recall_chat_context / recall_turn_full | BB3: Email: list / search / get_thread | BC3: Email: draft_reply / email_action | BD3: summarize_inbox / reply_variants | BE3: manage_calendar | BF3: Settings & appearance tools | BG3: set_chat_mode / propose_mode_switch | BH3: create_chat_with_mode / launch app | BI3: Impeccable / aesthetics | BJ3: General | BK3: Build | BL3: Plan | BM3: Super Plan | BN3: Orchestrate | BO3: Debug | BP3: Desktop | BQ3: Email | BR3: Onboarding | BS3: Research | BT3: Compare | BU3: Chat title generation | BV3: Skills / plugins | BW3: MCP servers | BX3: Voice | BY3: Markdown & code fences | BZ3: Blocking issues | CA3: Notes
A4: EXAMPLE - Qwen/Qwen3-Coder-30B-A3B-Instruct | B4: Qwen | C4: LM Studio (GGUF) | D4: Q4_K_M | E4: 30.5B | F4: 262k | G4: 2026-08-10 | H4: Works with caveats | I4: =IFERROR((COUNTIF(K4:BY4,"✅")+0.5*COUNTIF(K4:BY4,"⚠️"))/(COUNTIF(K4:BY4,"✅")+COUNTIF(K4:BY4,"⚠️")+COUNTIF(K4:BY4,"❌")),"") | J4: =COUNTIF(K4:BY4,"✅")+COUNTIF(K4:BY4,"⚠️")+COUNTIF(K4:BY4,"❌")+COUNTIF(K4:BY4,"➖") | K4: ✅ | L4: ✅ | M4: ✅ | N4: ⚠️ | O4: ✅ | P4: ⚠️ | Q4: ✅ | R4: ➖ | CA4: Strong on files/git/shell. Drops the tool loop after ~6 chained calls.
A5: Qwen/Qwen3-Coder-30B-A3B-Instruct | B5: Qwen | C5: LM Studio (GGUF) | D5: Q4_K_M | E5: 30.5B | F5: 262k | H5: Untested | I5: =IFERROR((COUNTIF(K5:BY5,"✅")+0.5*COUNTIF(K5:BY5,"⚠️"))/(COUNTIF(K5:BY5,"✅")+COUNTIF(K5:BY5,"⚠️")+COUNTIF(K5:BY5,"❌")),"") | J5: =COUNTIF(K5:BY5,"✅")+COUNTIF(K5:BY5,"⚠️")+COUNTIF(K5:BY5,"❌")+COUNTIF(K5:BY5,"➖")
A6: Qwen/Qwen3-Coder-30B-A3B-Instruct | B6: Qwen | C6: LM Studio (GGUF) | D6: Q8_0 | E6: 30.5B | F6: 262k | H6: Untested | I6: =IFERROR((COUNTIF(K6:BY6,"✅")+0.5*COUNTIF(K6:BY6,"⚠️"))/(COUNTIF(K6:BY6,"✅")+COUNTIF(K6:BY6,"⚠️")+COUNTIF(K6:BY6,"❌")),"") | J6: =COUNTIF(K6:BY6,"✅")+COUNTIF(K6:BY6,"⚠️")+COUNTIF(K6:BY6,"❌")+COUNTIF(K6:BY6,"➖")
A7: lmstudio-community/Qwen3-Coder-30B-A3B-Instruct-MLX | B7: Qwen | C7: LM Studio (MLX) | D7: MLX-4bit | E7: 30.5B | F7: 262k | H7: Untested | I7: =IFERROR((COUNTIF(K7:BY7,"✅")+0.5*COUNTIF(K7:BY7,"⚠️"))/(COUNTIF(K7:BY7,"✅")+COUNTIF(K7:BY7,"⚠️")+COUNTIF(K7:BY7,"❌")),"") | J7: =COUNTIF(K7:BY7,"✅")+COUNTIF(K7:BY7,"⚠️")+COUNTIF(K7:BY7,"❌")+COUNTIF(K7:BY7,"➖")
A8: Qwen/Qwen3-Coder-Next | B8: Qwen | C8: LM Studio (GGUF) | D8: Q4_K_M | E8: 79.7B | F8: 262k | H8: Untested | I8: =IFERROR((COUNTIF(K8:BY8,"✅")+0.5*COUNTIF(K8:BY8,"⚠️"))/(COUNTIF(K8:BY8,"✅")+COUNTIF(K8:BY8,"⚠️")+COUNTIF(K8:BY8,"❌")),"") | J8: =COUNTIF(K8:BY8,"✅")+COUNTIF(K8:BY8,"⚠️")+COUNTIF(K8:BY8,"❌")+COUNTIF(K8:BY8,"➖")
A9: Qwen/Qwen3-30B-A3B-Instruct-2507 | B9: Qwen | C9: LM Studio (GGUF) | D9: Q4_K_M | E9: 30.5B | F9: 262k | H9: Untested | I9: =IFERROR((COUNTIF(K9:BY9,"✅")+0.5*COUNTIF(K9:BY9,"⚠️"))/(COUNTIF(K9:BY9,"✅")+COUNTIF(K9:BY9,"⚠️")+COUNTIF(K9:BY9,"❌")),"") | J9: =COUNTIF(K9:BY9,"✅")+COUNTIF(K9:BY9,"⚠️")+COUNTIF(K9:BY9,"❌")+COUNTIF(K9:BY9,"➖")
A10: Qwen/Qwen3-30B-A3B-Thinking-2507 | B10: Qwen | C10: LM Studio (GGUF) | D10: Q4_K_M | E10: 30.5B | F10: 262k | H10: Untested | I10: =IFERROR((COUNTIF(K10:BY10,"✅")+0.5*COUNTIF(K10:BY10,"⚠️"))/(COUNTIF(K10:BY10,"✅")+COUNTIF(K10:BY10,"⚠️")+COUNTIF(K10:BY10,"❌")),"") | J10: =COUNTIF(K10:BY10,"✅")+COUNTIF(K10:BY10,"⚠️")+COUNTIF(K10:BY10,"❌")+COUNTIF(K10:BY10,"➖")
A11: Qwen/Qwen3-Next-80B-A3B-Instruct | B11: Qwen | C11: LM Studio (GGUF) | D11: Q4_K_M | E11: 81.3B | F11: 262k | H11: Untested | I11: =IFERROR((COUNTIF(K11:BY11,"✅")+0.5*COUNTIF(K11:BY11,"⚠️"))/(COUNTIF(K11:BY11,"✅")+COUNTIF(K11:BY11,"⚠️")+COUNTIF(K11:BY11,"❌")),"") | J11: =COUNTIF(K11:BY11,"✅")+COUNTIF(K11:BY11,"⚠️")+COUNTIF(K11:BY11,"❌")+COUNTIF(K11:BY11,"➖")
A12: Qwen/Qwen3-32B | B12: Qwen | C12: LM Studio (GGUF) | D12: Q4_K_M | E12: 32.8B | F12: 41k | H12: Untested | I12: =IFERROR((COUNTIF(K12:BY12,"✅")+0.5*COUNTIF(K12:BY12,"⚠️"))/(COUNTIF(K12:BY12,"✅")+COUNTIF(K12:BY12,"⚠️")+COUNTIF(K12:BY12,"❌")),"") | J12: =COUNTIF(K12:BY12,"✅")+COUNTIF(K12:BY12,"⚠️")+COUNTIF(K12:BY12,"❌")+COUNTIF(K12:BY12,"➖")
A13: Qwen/Qwen3-14B | B13: Qwen | C13: LM Studio (GGUF) | D13: Q4_K_M | E13: 14.8B | F13: 41k | H13: Untested | I13: =IFERROR((COUNTIF(K13:BY13,"✅")+0.5*COUNTIF(K13:BY13,"⚠️"))/(COUNTIF(K13:BY13,"✅")+COUNTIF(K13:BY13,"⚠️")+COUNTIF(K13:BY13,"❌")),"") | J13: =COUNTIF(K13:BY13,"✅")+COUNTIF(K13:BY13,"⚠️")+COUNTIF(K13:BY13,"❌")+COUNTIF(K13:BY13,"➖")
A14: Qwen/Qwen3-8B | B14: Qwen | C14: LM Studio (GGUF) | D14: Q4_K_M | E14: 8.2B | F14: 41k | H14: Untested | I14: =IFERROR((COUNTIF(K14:BY14,"✅")+0.5*COUNTIF(K14:BY14,"⚠️"))/(COUNTIF(K14:BY14,"✅")+COUNTIF(K14:BY14,"⚠️")+COUNTIF(K14:BY14,"❌")),"") | J14: =COUNTIF(K14:BY14,"✅")+COUNTIF(K14:BY14,"⚠️")+COUNTIF(K14:BY14,"❌")+COUNTIF(K14:BY14,"➖")
A15: Qwen/Qwen3-4B-Instruct-2507 | B15: Qwen | C15: LM Studio (GGUF) | D15: Q4_K_M | E15: 4.4B | F15: 262k | H15: Untested | I15: =IFERROR((COUNTIF(K15:BY15,"✅")+0.5*COUNTIF(K15:BY15,"⚠️"))/(COUNTIF(K15:BY15,"✅")+COUNTIF(K15:BY15,"⚠️")+COUNTIF(K15:BY15,"❌")),"") | J15: =COUNTIF(K15:BY15,"✅")+COUNTIF(K15:BY15,"⚠️")+COUNTIF(K15:BY15,"❌")+COUNTIF(K15:BY15,"➖")
A16: Qwen/Qwen3-1.7B | B16: Qwen | C16: LM Studio (GGUF) | D16: Q4_K_M | E16: 1.7B | F16: 41k | H16: Untested | I16: =IFERROR((COUNTIF(K16:BY16,"✅")+0.5*COUNTIF(K16:BY16,"⚠️"))/(COUNTIF(K16:BY16,"✅")+COUNTIF(K16:BY16,"⚠️")+COUNTIF(K16:BY16,"❌")),"") | J16: =COUNTIF(K16:BY16,"✅")+COUNTIF(K16:BY16,"⚠️")+COUNTIF(K16:BY16,"❌")+COUNTIF(K16:BY16,"➖")
... A58: LiquidAI/LFM2.5-1.2B-Instruct | B58: Liquid AI | C58: LM Studio (GGUF) | D58: Q4_K_M | E58: 1.2B | F58: 128k | H58: Untested | I58: =IFERROR((COUNTIF(K58:BY58,"✅")+0.5*COUNTIF(K58:BY58,"⚠️"))/(COUNTIF(K58:BY58,"✅")+COUNTIF(K58:BY58,"⚠️")+COUNTIF(K58:BY58,"❌")),"") | J58: =COUNTIF(K58:BY58,"✅")+COUNTIF(K58:BY58,"⚠️")+COUNTIF(K58:BY58,"❌")+COUNTIF(K58:BY58,"➖")

Sheet Minnow Hosting
A1: Minnow model capability matrix - Minnow Hosting | D1: Minnow hosting - models Minnow serves itself (llama.cpp / MLX)
A2: MODEL | K2: CORE PROTOCOL | U2: FILES | AA2: DOCS | AB2: GIT | AD2: CODE & SHELL | AI2: LSP | AJ2: WEB | AM2: BROWSER | AP2: AGENTS & TASKS | AW2: KNOWLEDGE | BB2: APPS | BG2: MODE CONTROL | BJ2: MODES | BS2: FEATURES | BZ2: FINDINGS
A3: Model | B3: Producer | C3: Provider / Host | D3: Quantization | E3: Params | F3: Context | G3: Date tested | H3: Verdict | I3: Score | J3: Tested (n) | K3: Streaming | L3: Tool calling (basic) | M3: Parallel tool calls | N3: Multi-step tool loop | O3: Valid JSON args | P3: No hallucinated tools | Q3: System prompt adherence | R3: Long context >32k | S3: Vision / image input | T3: Reasoning / thinking | U3: list_directory / read_file | V3: read_document | W3: save_file / append_file | X3: replace_text_in_file | Y3: insert_at_line / read_file_range | Z3: grep / find_files | AA3: create_pdf / spreadsheet / word | AB3: git_status / diff / log (read) | AC3: git_add / commit / branch (write) | AD3: execute_command | AE3: Background cmds / dev servers | AF3: run_javascript / run_python | AG3: read_command_log / stop_command | AH3: Code intel (repo_map, find_symbol) | AI3: get_lsp_diagnostics / list_lsp_servers | AJ3: web_search | AK3: fetch_web_content / rag_web_content | AL3: wikipedia_search | AM3: navigate / tabs | AN3: snapshot / click / fill | AO3: eval / screenshot | AP3: todo_write | AQ3: spawn_sub_agent | AR3: list / get / cancel sub-agents | AS3: delegate_tasks | AT3: board_init / board_update_task | AU3: board_report / board_get_state | AV3: issue_* tools | AW3: brain_search / read_page / list | AX3: brain_write_page / append_log / ingest | AY3: minnow_docs_* | AZ3: save_memory | BA3: recall_chat_context / recall_turn_full | BB3: Email: list / search / get_thread | BC3: Email: draft_reply / email_action | BD3: summarize_inbox / reply_variants | BE3: manage_calendar | BF3: Settings & appearance tools | BG3: set_chat_mode / propose_mode_switch | BH3: create_chat_with_mode / launch app | BI3: Impeccable / aesthetics | BJ3: General | BK3: Build | BL3: Plan | BM3: Super Plan | BN3: Orchestrate | BO3: Debug | BP3: Desktop | BQ3: Email | BR3: Onboarding | BS3: Research | BT3: Compare | BU3: Chat title generation | BV3: Skills / plugins | BW3: MCP servers | BX3: Voice | BY3: Markdown & code fences | BZ3: Blocking issues | CA3: Notes
A4: EXAMPLE - Qwen/Qwen3-8B | B4: Qwen | C4: llama.cpp | D4: Q4_K_M | E4: 8.2B | F4: 41k | G4: 2026-08-10 | H4: Partial | I4: =IFERROR((COUNTIF(K4:BY4,"✅")+0.5*COUNTIF(K4:BY4,"⚠️"))/(COUNTIF(K4:BY4,"✅")+COUNTIF(K4:BY4,"⚠️")+COUNTIF(K4:BY4,"❌")),"") | J4: =COUNTIF(K4:BY4,"✅")+COUNTIF(K4:BY4,"⚠️")+COUNTIF(K4:BY4,"❌")+COUNTIF(K4:BY4,"➖") | K4: ✅ | L4: ✅ | M4: ✅ | N4: ❌ | O4: ✅ | P4: ⚠️ | Q4: ✅ | R4: ➖ | CA4: Fine for chat, not for Build. replace_text_in_file misses whitespace.
A5: Qwen/Qwen3-Coder-30B-A3B-Instruct | B5: Qwen | C5: llama.cpp | D5: Q4_K_M | E5: 30.5B | F5: 262k | H5: Untested | I5: =IFERROR((COUNTIF(K5:BY5,"✅")+0.5*COUNTIF(K5:BY5,"⚠️"))/(COUNTIF(K5:BY5,"✅")+COUNTIF(K5:BY5,"⚠️")+COUNTIF(K5:BY5,"❌")),"") | J5: =COUNTIF(K5:BY5,"✅")+COUNTIF(K5:BY5,"⚠️")+COUNTIF(K5:BY5,"❌")+COUNTIF(K5:BY5,"➖")
A6: Qwen/Qwen3-Coder-30B-A3B-Instruct | B6: Qwen | C6: llama.cpp | D6: Q6_K | E6: 30.5B | F6: 262k | H6: Untested | I6: =IFERROR((COUNTIF(K6:BY6,"✅")+0.5*COUNTIF(K6:BY6,"⚠️"))/(COUNTIF(K6:BY6,"✅")+COUNTIF(K6:BY6,"⚠️")+COUNTIF(K6:BY6,"❌")),"") | J6: =COUNTIF(K6:BY6,"✅")+COUNTIF(K6:BY6,"⚠️")+COUNTIF(K6:BY6,"❌")+COUNTIF(K6:BY6,"➖")
A7: Qwen/Qwen3-Coder-30B-A3B-Instruct | B7: Qwen | C7: llama.cpp | D7: Q8_0 | E7: 30.5B | F7: 262k | H7: Untested | I7: =IFERROR((COUNTIF(K7:BY7,"✅")+0.5*COUNTIF(K7:BY7,"⚠️"))/(COUNTIF(K7:BY7,"✅")+COUNTIF(K7:BY7,"⚠️")+COUNTIF(K7:BY7,"❌")),"") | J7: =COUNTIF(K7:BY7,"✅")+COUNTIF(K7:BY7,"⚠️")+COUNTIF(K7:BY7,"❌")+COUNTIF(K7:BY7,"➖")
A8: Qwen/Qwen3-Coder-30B-A3B-Instruct | B8: Qwen | C8: MLX | D8: MLX-4bit | E8: 30.5B | F8: 262k | H8: Untested | I8: =IFERROR((COUNTIF(K8:BY8,"✅")+0.5*COUNTIF(K8:BY8,"⚠️"))/(COUNTIF(K8:BY8,"✅")+COUNTIF(K8:BY8,"⚠️")+COUNTIF(K8:BY8,"❌")),"") | J8: =COUNTIF(K8:BY8,"✅")+COUNTIF(K8:BY8,"⚠️")+COUNTIF(K8:BY8,"❌")+COUNTIF(K8:BY8,"➖")
A9: Qwen/Qwen3-30B-A3B-Instruct-2507 | B9: Qwen | C9: llama.cpp | D9: Q4_K_M | E9: 30.5B | F9: 262k | H9: Untested | I9: =IFERROR((COUNTIF(K9:BY9,"✅")+0.5*COUNTIF(K9:BY9,"⚠️"))/(COUNTIF(K9:BY9,"✅")+COUNTIF(K9:BY9,"⚠️")+COUNTIF(K9:BY9,"❌")),"") | J9: =COUNTIF(K9:BY9,"✅")+COUNTIF(K9:BY9,"⚠️")+COUNTIF(K9:BY9,"❌")+COUNTIF(K9:BY9,"➖")
A10: Qwen/Qwen3-30B-A3B-Instruct-2507 | B10: Qwen | C10: llama.cpp | D10: Q8_0 | E10: 30.5B | F10: 262k | H10: Untested | I10: =IFERROR((COUNTIF(K10:BY10,"✅")+0.5*COUNTIF(K10:BY10,"⚠️"))/(COUNTIF(K10:BY10,"✅")+COUNTIF(K10:BY10,"⚠️")+COUNTIF(K10:BY10,"❌")),"") | J10: =COUNTIF(K10:BY10,"✅")+COUNTIF(K10:BY10,"⚠️")+COUNTIF(K10:BY10,"❌")+COUNTIF(K10:BY10,"➖")
A11: Qwen/Qwen3-30B-A3B-Thinking-2507 | B11: Qwen | C11: llama.cpp | D11: Q4_K_M | E11: 30.5B | F11: 262k | H11: Untested | I11: =IFERROR((COUNTIF(K11:BY11,"✅")+0.5*COUNTIF(K11:BY11,"⚠️"))/(COUNTIF(K11:BY11,"✅")+COUNTIF(K11:BY11,"⚠️")+COUNTIF(K11:BY11,"❌")),"") | J11: =COUNTIF(K11:BY11,"✅")+COUNTIF(K11:BY11,"⚠️")+COUNTIF(K11:BY11,"❌")+COUNTIF(K11:BY11,"➖")
A12: Qwen/Qwen3-32B | B12: Qwen | C12: llama.cpp | D12: Q4_K_M | E12: 32.8B | F12: 41k | H12: Untested | I12: =IFERROR((COUNTIF(K12:BY12,"✅")+0.5*COUNTIF(K12:BY12,"⚠️"))/(COUNTIF(K12:BY12,"✅")+COUNTIF(K12:BY12,"⚠️")+COUNTIF(K12:BY12,"❌")),"") | J12: =COUNTIF(K12:BY12,"✅")+COUNTIF(K12:BY12,"⚠️")+COUNTIF(K12:BY12,"❌")+COUNTIF(K12:BY12,"➖")
A13: Qwen/Qwen3-32B | B13: Qwen | C13: MLX | D13: MLX-4bit | E13: 32.8B | F13: 41k | H13: Untested | I13: =IFERROR((COUNTIF(K13:BY13,"✅")+0.5*COUNTIF(K13:BY13,"⚠️"))/(COUNTIF(K13:BY13,"✅")+COUNTIF(K13:BY13,"⚠️")+COUNTIF(K13:BY13,"❌")),"") | J13: =COUNTIF(K13:BY13,"✅")+COUNTIF(K13:BY13,"⚠️")+COUNTIF(K13:BY13,"❌")+COUNTIF(K13:BY13,"➖")
A14: Qwen/Qwen3-14B | B14: Qwen | C14: llama.cpp | D14: Q4_K_M | E14: 14.8B | F14: 41k | H14: Untested | I14: =IFERROR((COUNTIF(K14:BY14,"✅")+0.5*COUNTIF(K14:BY14,"⚠️"))/(COUNTIF(K14:BY14,"✅")+COUNTIF(K14:BY14,"⚠️")+COUNTIF(K14:BY14,"❌")),"") | J14: =COUNTIF(K14:BY14,"✅")+COUNTIF(K14:BY14,"⚠️")+COUNTIF(K14:BY14,"❌")+COUNTIF(K14:BY14,"➖")
A15: Qwen/Qwen3-14B | B15: Qwen | C15: llama.cpp | D15: Q6_K | E15: 14.8B | F15: 41k | H15: Untested | I15: =IFERROR((COUNTIF(K15:BY15,"✅")+0.5*COUNTIF(K15:BY15,"⚠️"))/(COUNTIF(K15:BY15,"✅")+COUNTIF(K15:BY15,"⚠️")+COUNTIF(K15:BY15,"❌")),"") | J15: =COUNTIF(K15:BY15,"✅")+COUNTIF(K15:BY15,"⚠️")+COUNTIF(K15:BY15,"❌")+COUNTIF(K15:BY15,"➖")
A16: Qwen/Qwen3-8B | B16: Qwen | C16: llama.cpp | D16: Q4_K_M | E16: 8.2B | F16: 41k | H16: Untested | I16: =IFERROR((COUNTIF(K16:BY16,"✅")+0.5*COUNTIF(K16:BY16,"⚠️"))/(COUNTIF(K16:BY16,"✅")+COUNTIF(K16:BY16,"⚠️")+COUNTIF(K16:BY16,"❌")),"") | J16: =COUNTIF(K16:BY16,"✅")+COUNTIF(K16:BY16,"⚠️")+COUNTIF(K16:BY16,"❌")+COUNTIF(K16:BY16,"➖")
... A48: LiquidAI/LFM2.5-1.2B-Instruct | B48: Liquid AI | C48: llama.cpp | D48: Q4_K_M | E48: 1.2B | F48: 128k | H48: Untested | I48: =IFERROR((COUNTIF(K48:BY48,"✅")+0.5*COUNTIF(K48:BY48,"⚠️"))/(COUNTIF(K48:BY48,"✅")+COUNTIF(K48:BY48,"⚠️")+COUNTIF(K48:BY48,"❌")),"") | J48: =COUNTIF(K48:BY48,"✅")+COUNTIF(K48:BY48,"⚠️")+COUNTIF(K48:BY48,"❌")+COUNTIF(K48:BY48,"➖")

Sheet Summary
B2: Coverage summary
B3: Counts update automatically from the three sheets.
B5: Sheet | C5: Models | D5: Tested | E5: Works | F5: With caveats | G5: Partial | H5: Unusable
B6: Cloud | C6: =COUNTA('Cloud'!$A$5:$A$45) | D6: =COUNTIF('Cloud'!$J$5:$J$45,">0") | E6: =COUNTIF('Cloud'!$H$5:$H$45,"Works") | F6: =COUNTIF('Cloud'!$H$5:$H$45,"Works with caveats") | G6: =COUNTIF('Cloud'!$H$5:$H$45,"Partial") | H6: =COUNTIF('Cloud'!$H$5:$H$45,"Unusable")
B7: LM Studio | C7: =COUNTA('LM Studio'!$A$5:$A$58) | D7: =COUNTIF('LM Studio'!$J$5:$J$58,">0") | E7: =COUNTIF('LM Studio'!$H$5:$H$58,"Works") | F7: =COUNTIF('LM Studio'!$H$5:$H$58,"Works with caveats") | G7: =COUNTIF('LM Studio'!$H$5:$H$58,"Partial") | H7: =COUNTIF('LM Studio'!$H$5:$H$58,"Unusable")
B8: Minnow Hosting | C8: =COUNTA('Minnow Hosting'!$A$5:$A$48) | D8: =COUNTIF('Minnow Hosting'!$J$5:$J$48,">0") | E8: =COUNTIF('Minnow Hosting'!$H$5:$H$48,"Works") | F8: =COUNTIF('Minnow Hosting'!$H$5:$H$48,"Works with caveats") | G8: =COUNTIF('Minnow Hosting'!$H$5:$H$48,"Partial") | H8: =COUNTIF('Minnow Hosting'!$H$5:$H$48,"Unusable")
B9: Total | C9: =SUM(C6:C8) | D9: =SUM(D6:D8) | E9: =SUM(E6:E8) | F9: =SUM(F6:F8) | G9: =SUM(G6:G8) | H9: =SUM(H6:H8)
B11: 'Tested' counts any model with at least one scored capability cell.

Sheet Test guide
B2: Test guide
B3: One line per capability column, in sheet order. Same text as the header comments.
B5: Group | C5: Column | D5: Tier | E5: How to test
B6: Core protocol | C6: Streaming | D6: 1 | E6: Ask for a 200-word answer. Tokens must stream, not arrive in one block.
B7: Core protocol | C7: Tool calling (basic) | D7: 1 | E7: Ask 'what time is it?' -> must emit a get_datetime tool call, not prose.
B8: Core protocol | C8: Parallel tool calls | D8: 2 | E8: Ask to read three named files at once. Does it emit 3 calls in one batch, or serialise?
B9: Core protocol | C9: Multi-step tool loop | D9: 1 | E9: Ask a task needing 4+ chained calls (grep -> read -> edit -> verify). Does it keep going after each result?
B10: Core protocol | C10: Valid JSON args | D10: 1 | E10: Watch the tool console for parse failures, trailing commas, stringified objects, missing required args.
B11: Core protocol | C11: No hallucinated tools | D11: 1 | E11: Does it ever invent a tool name that is not in the catalog, or call a tool disabled in this mode?
B12: Core protocol | C12: System prompt adherence | D12: 1 | E12: Does it follow the mode prompt (no preamble, correct output shape, respects guardrails)?
B13: Core protocol | C13: Long context >32k | D13: 2 | E13: Load a big file / long chat, then ask about something from the start. Check for silent truncation.
B14: Core protocol | C14: Vision / image input | D14: 3 | E14: Paste a screenshot and ask what is in it.
B15: Core protocol | C15: Reasoning / thinking | D15: 3 | E15: Does the thinking block parse and render, without leaking into the visible answer or breaking tool calls?
B16: Files | C16: list_directory / read_file | D16: 1 | E16: 'List the files in src and read package.json.'
B17: Files | C17: read_document | D17: 3 | E17: Point it at a PDF/DOCX in the workspace and ask for a summary.
... B72: Features | C72: Markdown & code fences | D72: 1 | E72: Are fences closed, languages tagged, tables well formed? Do file paths render as links?
